cart_id,product_id,discount
1,1918cb41-f1e1-4262-8411-eb22cf783b44,3.51
2,0abf4c4c-a37e-4262-8e0a-41e036eba26a,1.42
3,ad25291e-e33f-4bf4-a341-d414b52a7a41,5.62
4,2b3884c0-ab4f-4f91-bd61-59b9cf4e594a,0.83
5,d86c55d1-9d5f-4915-899f-b43f3f2cca92,0.92
6,5bd41c96-86bd-4bf0-8f8f-9109a5e80b31,7.57
7,1918cb41-f1e1-4262-8411-eb22cf783b44,4.93
8,13609fc9-23e8-4ca1-8e38-0226cce0b2d6,1.48
9,65c21c23-d958-4d4d-bb39-2d89206f4e57,8.85
10,5baec35c-26fb-4792-86db-c704d4b19460,3.52
11,7bc1099c-9276-4c8c-b681-055bc7d0658a,4.26
12,663806da-d41c-4446-98d6-449bcfd72819,4.22
13,33356b57-a712-4762-955b-3a2ffc28f7ed,9.6
14,e0a5fede-e011-4ae6-a77e-a6ffcb31657e,1.31
15,e0163bee-4fd2-426e-8c34-74c0147ae290,6.93
16,616b8987-40e2-4cf3-9912-d6b2aecd6e60,0.27
17,1918cb41-f1e1-4262-8411-eb22cf783b44,4.44
18,8d166011-0b3f-4d3f-a4ca-29b8c6db8223,5.59
19,b955d06d-8a0e-4342-bee5-5fe4700d1181,6.32
20,4ed7ae26-47ab-4d18-9d50-81d6a5564f8f,4.36
21,f523802a-d016-4bc2-a195-78e90242ab63,9.84
22,663806da-d41c-4446-98d6-449bcfd72819,7.44
23,cac99f47-14bf-4b54-8f7d-58789f3e7425,4.35
24,bf934a3b-00ca-4318-9b2a-9039f5ca7624,7.8
25,94dedccf-69fd-4684-8f88-324a4bfbdace,9.24
26,d0c1740e-8672-491e-96d5-43d6e19d2c83,8.91
27,1918cb41-f1e1-4262-8411-eb22cf783b44,2.4
28,1918cb41-f1e1-4262-8411-eb22cf783b44,3.58
29,663806da-d41c-4446-98d6-449bcfd72819,4.88
30,c0b25f2f-1daa-4e52-9d81-6f392c64786c,1.04
31,2dd62b7c-78bb-4650-846e-29276b76f819,3.74
32,da1e1006-ccf4-432f-ad66-e15b7ac0e881,5.59
33,f2dc52b4-3e34-450f-9877-0184df208500,8.07
34,53bbc136-fa5c-49c1-bfe7-accad3334d19,7.66
35,893b36dc-1ec1-4f7c-b628-ca8ff95480bc,6.91
36,90f38504-2a2d-4983-bd3b-13cb2c5f8975,7.7
37,5bd41c96-86bd-4bf0-8f8f-9109a5e80b31,5.12
38,3f7bfb69-98f7-4a2f-8418-21d6b5fc4f77,1.68
39,cac99f47-14bf-4b54-8f7d-58789f3e7425,1.1
40,d1e3a1ad-a2d8-4915-9b63-c6cb605100a9,4.51
41,3aa562a6-29fb-42fc-835a-5a4ed0c439e1,4.08
42,2b3884c0-ab4f-4f91-bd61-59b9cf4e594a,0.78
43,8d166011-0b3f-4d3f-a4ca-29b8c6db8223,9.29
44,2c8bd432-267e-4632-aba9-76387d0aa3b3,1.84
45,cf2e6a0a-2fbd-465f-a814-5c5a4a5dec4e,8.78
46,0abf4c4c-a37e-4262-8e0a-41e036eba26a,6.67
47,68da0d64-7d95-4bc4-a9a5-f2a9748a2a72,1.84
48,e0a5fede-e011-4ae6-a77e-a6ffcb31657e,3.82
49,fb1982ec-7d70-4079-8b90-7197ed466ade,4.88
50,8be24e7a-e428-4883-87f4-51cd41c01f02,9.07
51,1647ce04-34dc-4921-be23-d42ec4048b37,0.05
52,87164158-262c-46f2-aa34-230a5779a3ea,5.03
53,3947e0ba-7535-494e-87f9-6e178d7c19c3,4.37
54,d47c2d11-1572-49da-9aa9-42ea17211ba0,0.99
55,77d9e7fb-558f-4f10-845e-23533eeff14f,9.78
56,069fc626-5635-4f32-b4dd-bb540feab4ec,8.15
57,8471b125-937b-46d7-afd0-5496c5b1cf63,2.71
58,14b3ba83-ea7c-4f49-b4ea-da24e9637eab,1.98
59,f4610afe-68f5-43d2-bf24-e99066b59dfa,9.75
60,98ce2df5-1d43-40fb-87f3-300ef7a7975b,1.87
61,d47c2d11-1572-49da-9aa9-42ea17211ba0,3.08
62,ad25291e-e33f-4bf4-a341-d414b52a7a41,2.76
63,0296036c-15de-4eb1-9d81-abaa8f26c235,3.76
64,486feb8d-0f4b-4f07-b297-b3b39a445a8b,4.68
65,201c3809-dc5f-4ca7-877c-8c517fd52b01,6.79
66,d1e3a1ad-a2d8-4915-9b63-c6cb605100a9,5.66
67,53bbc136-fa5c-49c1-bfe7-accad3334d19,5.89
68,cdab94ee-2c3c-45dc-9974-2c62c1776737,4.96
69,0f62887a-1736-4b42-aa72-dff3e0488f3d,6.65
70,27b3e310-ec50-48fe-86d0-b24eef6a6e0e,9.56
71,2c8bd432-267e-4632-aba9-76387d0aa3b3,0.16
72,60b59de2-87e2-49ba-955f-951b94efa640,7.44
73,d47c2d11-1572-49da-9aa9-42ea17211ba0,5.64
74,b104cb94-d7dc-43ab-82de-0061ac5a6085,1.4
75,02ac0ac9-9e9c-49b0-9b88-e7a845b7eda1,9.13
76,c9b31dfc-1a1b-43db-b35e-525a20f2ffe7,0.97
77,14b3ba83-ea7c-4f49-b4ea-da24e9637eab,9.16
78,418aae8f-9bfa-4277-ad70-5bff98be3166,4.74
79,5a31523d-8d1a-44cf-8b85-08bbc9986937,3.41
80,58db01c0-a486-4cf2-870d-9c9b4baa4a7e,9.64
81,1a2be3df-a814-4804-8de5-2125f707b34a,5.19
82,d496b910-18bc-43f5-8cc5-eed4bb787e8b,3.7
83,2f10cd73-6dda-43e4-8364-438d75ee8b6c,0.85
84,9be6e1de-45aa-4de0-9da1-bc6948092ee9,2.33
85,e3d56399-8ba8-4b3c-a4a0-87f4ef000c8e,2.53
86,4ed7ae26-47ab-4d18-9d50-81d6a5564f8f,6.33
87,502f6634-76b9-4fef-929f-e1b4db9d5550,0.82
88,f4610afe-68f5-43d2-bf24-e99066b59dfa,5.76
89,3aa562a6-29fb-42fc-835a-5a4ed0c439e1,5.66
90,5bd41c96-86bd-4bf0-8f8f-9109a5e80b31,6.56
91,55a8a013-c557-4ce5-a78c-2a971a6389fa,0.68
92,cd657d15-c67d-41fe-905a-85d2c152c0ba,9.77
93,97a913a3-38c0-440d-bc27-012726de2697,3.02
94,9ab7653f-a0b1-4485-b199-d82ac1f6abb0,7.45
95,2f10cd73-6dda-43e4-8364-438d75ee8b6c,5.56
96,f523802a-d016-4bc2-a195-78e90242ab63,5.69
97,a20dc493-333e-4bff-82be-76f3f08ea61a,1.72
98,b2ef1978-79f8-4274-a90b-e07dde4c8312,0.49
99,c5ceaba9-bc61-46b6-9ca9-ee5d72903b5f,8.53
100,58c400b0-a21b-4ba5-aa22-74915949db72,7.47
101,282dfe1a-a2ea-4041-b9f2-c3064a6bb2b9,4.12
102,a20dc493-333e-4bff-82be-76f3f08ea61a,7.08
103,5a31523d-8d1a-44cf-8b85-08bbc9986937,5.13
104,68c27295-2933-466c-8471-15390e4abbb2,8.66
105,705fd795-6243-4194-8e7f-45f48e5a74d9,0.46
106,5baec35c-26fb-4792-86db-c704d4b19460,3.64
107,524f089f-c323-4969-bc4d-094993569da8,6.52
108,705fd795-6243-4194-8e7f-45f48e5a74d9,2.7
109,cd657d15-c67d-41fe-905a-85d2c152c0ba,4.57
110,f3df249c-b3d6-4892-84e2-c3848a1bd739,9.11
111,7bc1099c-9276-4c8c-b681-055bc7d0658a,7.0
112,d496b910-18bc-43f5-8cc5-eed4bb787e8b,9.68
113,c5ceaba9-bc61-46b6-9ca9-ee5d72903b5f,0.41
114,e26043fa-eb96-4aa5-8515-6e68971a8df2,7.47
115,f2dc52b4-3e34-450f-9877-0184df208500,6.07
116,d485e920-aea4-4255-aa87-39b95be51923,5.21
117,736d3314-685b-433e-bbd0-d0ffdab10204,8.18
118,e97ce6d3-915b-48e5-805e-30ba168ee57f,3.1
119,d4414f28-3d95-4a69-974e-2bfb504968ff,8.36
120,476193cc-2936-43c2-ac0d-6beece46dd83,5.71
121,4ed7ae26-47ab-4d18-9d50-81d6a5564f8f,3.92
122,518b660b-6868-4cda-b188-93a0acbffda4,4.85
123,cdab94ee-2c3c-45dc-9974-2c62c1776737,2.19
124,fb1982ec-7d70-4079-8b90-7197ed466ade,8.82
125,3f7bfb69-98f7-4a2f-8418-21d6b5fc4f77,4.32
126,de7ca325-0a88-4b4e-b960-b58872be369b,1.74
127,2ba20480-9cfa-4ba1-96cd-d769eb6a64ae,1.35
128,22f400b2-6fb3-454e-aaf2-20088071d572,3.77
129,9d759cca-252e-47a6-a09b-c162dac74647,5.69
130,116ad7bc-91e8-40bf-8a92-84c944ae6de2,3.84
131,c0b25f2f-1daa-4e52-9d81-6f392c64786c,6.87
132,3aa562a6-29fb-42fc-835a-5a4ed0c439e1,4.46
133,1918cb41-f1e1-4262-8411-eb22cf783b44,1.0
134,0abf4c4c-a37e-4262-8e0a-41e036eba26a,2.19
135,97a913a3-38c0-440d-bc27-012726de2697,9.21
136,56e25062-4212-4627-bdd8-fa1e844c4067,1.57
137,cdab94ee-2c3c-45dc-9974-2c62c1776737,6.59
138,4674c6e9-624d-4233-9741-5ec7a2b4a573,9.7
139,5a31523d-8d1a-44cf-8b85-08bbc9986937,1.07
140,4674c6e9-624d-4233-9741-5ec7a2b4a573,1.88
141,cf2e6a0a-2fbd-465f-a814-5c5a4a5dec4e,7.43
142,c0b25f2f-1daa-4e52-9d81-6f392c64786c,7.67
143,4ce6ff89-78ce-4c78-834f-8e48c00c1141,1.31
144,bf934a3b-00ca-4318-9b2a-9039f5ca7624,4.44
145,418aae8f-9bfa-4277-ad70-5bff98be3166,4.87
146,189997eb-c226-4f93-8b07-b01c5553e3b3,7.82
147,959e0182-0705-4330-b188-739438673d96,2.89
148,cf2e6a0a-2fbd-465f-a814-5c5a4a5dec4e,4.89
149,8be24e7a-e428-4883-87f4-51cd41c01f02,3.71
150,c9b31dfc-1a1b-43db-b35e-525a20f2ffe7,5.76
151,e26043fa-eb96-4aa5-8515-6e68971a8df2,7.23
152,7df97338-1f5d-489a-88b8-d844fcbc8edf,6.14
153,cac99f47-14bf-4b54-8f7d-58789f3e7425,0.06
154,68da0d64-7d95-4bc4-a9a5-f2a9748a2a72,5.29
155,02ac0ac9-9e9c-49b0-9b88-e7a845b7eda1,7.39
156,56e25062-4212-4627-bdd8-fa1e844c4067,6.14
157,3f7bfb69-98f7-4a2f-8418-21d6b5fc4f77,4.64
158,954e58ee-c526-44e2-8630-c258f3c5a21d,0.55
159,a5fd3c44-6ba1-48cb-9e6f-511a1f95f0a5,7.65
160,201c3809-dc5f-4ca7-877c-8c517fd52b01,4.27
161,15fb8b5a-f4a8-4ef9-8c09-265beb16685f,1.64
162,05f10220-7cae-41bc-812c-3cccd6a5b647,5.57
163,f4610afe-68f5-43d2-bf24-e99066b59dfa,6.41
164,cabdcaef-9486-4a22-8314-0b1ba709627f,7.84
165,502f6634-76b9-4fef-929f-e1b4db9d5550,6.32
166,2f10cd73-6dda-43e4-8364-438d75ee8b6c,0.94
167,486feb8d-0f4b-4f07-b297-b3b39a445a8b,9.44
168,cf2e6a0a-2fbd-465f-a814-5c5a4a5dec4e,2.08
169,60aff51a-6723-441e-8ecb-2628f31ece33,9.6
170,893b36dc-1ec1-4f7c-b628-ca8ff95480bc,0.8
171,7df97338-1f5d-489a-88b8-d844fcbc8edf,4.81
172,14b3ba83-ea7c-4f49-b4ea-da24e9637eab,9.93
173,e7871b23-5647-4a3a-b522-d3307a3c8855,2.77
174,22f400b2-6fb3-454e-aaf2-20088071d572,2.37
175,b104cb94-d7dc-43ab-82de-0061ac5a6085,9.23
176,cb4e71c1-bb66-407f-930e-ef20664ec1e1,8.75
177,4ed7ae26-47ab-4d18-9d50-81d6a5564f8f,7.97
178,e3d56399-8ba8-4b3c-a4a0-87f4ef000c8e,0.02
179,56e25062-4212-4627-bdd8-fa1e844c4067,4.74
180,94dedccf-69fd-4684-8f88-324a4bfbdace,6.22
181,53bbc136-fa5c-49c1-bfe7-accad3334d19,9.28
182,76176c2a-e968-48ad-80ce-231423c44275,8.4
183,e26043fa-eb96-4aa5-8515-6e68971a8df2,2.52
184,4ad5035b-d45a-441e-8f62-7a2ff2234e2a,4.84
185,6fa0930f-80e5-466d-a639-1bfa7acb3bf5,1.35
186,2dd62b7c-78bb-4650-846e-29276b76f819,6.94
187,7995d44c-6af5-4af8-bd6f-8921c182eb0e,8.3
188,8be24e7a-e428-4883-87f4-51cd41c01f02,5.07
189,cabdcaef-9486-4a22-8314-0b1ba709627f,0.46
190,a2c05dda-ca2c-4e08-bb8a-b8b26a99aa98,7.94
191,22f318ec-946a-4802-97a5-08b555cbe7c4,8.14
192,8d166011-0b3f-4d3f-a4ca-29b8c6db8223,6.3
193,4ad5035b-d45a-441e-8f62-7a2ff2234e2a,7.74
194,829cdeb1-28cd-447d-bf25-e03daab18891,4.68
195,cf2e6a0a-2fbd-465f-a814-5c5a4a5dec4e,3.31
196,6fa0930f-80e5-466d-a639-1bfa7acb3bf5,6.51
197,65c21c23-d958-4d4d-bb39-2d89206f4e57,5.05
198,58db01c0-a486-4cf2-870d-9c9b4baa4a7e,3.23
199,691d3dd8-ab49-4ffb-a31b-be5155b40e81,0.73
200,518b660b-6868-4cda-b188-93a0acbffda4,9.05
201,476193cc-2936-43c2-ac0d-6beece46dd83,9.66
202,2dd463c9-5da2-40ff-98b6-5a0c180a2b10,4.78
203,8471b125-937b-46d7-afd0-5496c5b1cf63,5.73
204,cabdcaef-9486-4a22-8314-0b1ba709627f,5.37
205,954e58ee-c526-44e2-8630-c258f3c5a21d,8.33
206,ac3f2156-b764-4667-a6bd-6f094f92386d,3.61
207,cb4e71c1-bb66-407f-930e-ef20664ec1e1,4.1
208,a8d1e889-0ac8-4085-a71f-c11005d251f5,8.97
209,5a31523d-8d1a-44cf-8b85-08bbc9986937,9.72
210,f523802a-d016-4bc2-a195-78e90242ab63,8.33
211,cdab94ee-2c3c-45dc-9974-2c62c1776737,1.66
212,7bc1099c-9276-4c8c-b681-055bc7d0658a,8.75
213,77d9e7fb-558f-4f10-845e-23533eeff14f,0.54
214,f3df249c-b3d6-4892-84e2-c3848a1bd739,9.08
215,c9b31dfc-1a1b-43db-b35e-525a20f2ffe7,3.13
216,f98a6b49-c6df-4821-aea9-6bf05ea9ffaf,8.76
217,55a8a013-c557-4ce5-a78c-2a971a6389fa,6.27
218,2dd62b7c-78bb-4650-846e-29276b76f819,3.81
219,b955d06d-8a0e-4342-bee5-5fe4700d1181,8.11
220,7995d44c-6af5-4af8-bd6f-8921c182eb0e,8.21
221,a2c05dda-ca2c-4e08-bb8a-b8b26a99aa98,4.65
222,e8b3d11d-e30b-452f-aad2-cb2523c46fca,9.31
223,bf934a3b-00ca-4318-9b2a-9039f5ca7624,9.42
224,55a8a013-c557-4ce5-a78c-2a971a6389fa,6.73
225,4674c6e9-624d-4233-9741-5ec7a2b4a573,4.86
226,116ad7bc-91e8-40bf-8a92-84c944ae6de2,7.72
227,893b36dc-1ec1-4f7c-b628-ca8ff95480bc,2.88
228,33356b57-a712-4762-955b-3a2ffc28f7ed,4.71
229,87164158-262c-46f2-aa34-230a5779a3ea,4.76
230,e3d56399-8ba8-4b3c-a4a0-87f4ef000c8e,2.38
231,ca1a53db-cd88-4814-952a-7dbbb28f31b8,1.33
232,e0a5fede-e011-4ae6-a77e-a6ffcb31657e,2.76
233,e7871b23-5647-4a3a-b522-d3307a3c8855,4.22
234,1647ce04-34dc-4921-be23-d42ec4048b37,4.61
235,3aa562a6-29fb-42fc-835a-5a4ed0c439e1,0.81
236,893b36dc-1ec1-4f7c-b628-ca8ff95480bc,0.88
237,76176c2a-e968-48ad-80ce-231423c44275,9.96
238,9d759cca-252e-47a6-a09b-c162dac74647,7.56
239,d0b23928-cba9-4729-9200-ce42f15f1a1f,6.88
240,cb4e71c1-bb66-407f-930e-ef20664ec1e1,1.36
241,d485e920-aea4-4255-aa87-39b95be51923,5.71
242,2b3884c0-ab4f-4f91-bd61-59b9cf4e594a,9.05
243,33356b57-a712-4762-955b-3a2ffc28f7ed,2.84
244,5bd41c96-86bd-4bf0-8f8f-9109a5e80b31,9.27
245,069fc626-5635-4f32-b4dd-bb540feab4ec,3.18
246,56e25062-4212-4627-bdd8-fa1e844c4067,1.01
247,4ce6ff89-78ce-4c78-834f-8e48c00c1141,5.72
248,68da0d64-7d95-4bc4-a9a5-f2a9748a2a72,3.51
249,94dedccf-69fd-4684-8f88-324a4bfbdace,1.45
250,33356b57-a712-4762-955b-3a2ffc28f7ed,8.94
251,616b8987-40e2-4cf3-9912-d6b2aecd6e60,5.94
252,8d166011-0b3f-4d3f-a4ca-29b8c6db8223,2.29
253,92c29801-f5e5-4151-8f51-e38324dd50ef,6.62
254,22f318ec-946a-4802-97a5-08b555cbe7c4,9.88
255,7aed3a56-79d2-40d4-b627-c0aaa8f5b5dd,8.88
256,d47c2d11-1572-49da-9aa9-42ea17211ba0,5.34
257,c0b25f2f-1daa-4e52-9d81-6f392c64786c,1.23
258,53bbc136-fa5c-49c1-bfe7-accad3334d19,7.88
259,56e25062-4212-4627-bdd8-fa1e844c4067,0.26
260,486feb8d-0f4b-4f07-b297-b3b39a445a8b,1.46
261,1a7d7d8e-f82e-488a-b7c6-70291d2c1af6,1.42
262,87164158-262c-46f2-aa34-230a5779a3ea,4.5
263,0f62887a-1736-4b42-aa72-dff3e0488f3d,0.62
264,babd3ebc-b8aa-4e76-8187-5c2096e03999,8.12
265,476193cc-2936-43c2-ac0d-6beece46dd83,5.09
266,d0b23928-cba9-4729-9200-ce42f15f1a1f,4.57
267,98ce2df5-1d43-40fb-87f3-300ef7a7975b,2.98
268,dec34566-b0db-461e-a566-05c28a9c08ae,7.34
269,9d759cca-252e-47a6-a09b-c162dac74647,5.74
270,97a913a3-38c0-440d-bc27-012726de2697,7.44
271,30447216-d6e6-4ac9-8353-3a91aa924835,7.61
272,0abf4c4c-a37e-4262-8e0a-41e036eba26a,5.88
273,90f38504-2a2d-4983-bd3b-13cb2c5f8975,1.2
274,d47c2d11-1572-49da-9aa9-42ea17211ba0,2.68
275,d0c1740e-8672-491e-96d5-43d6e19d2c83,3.81
276,4674c6e9-624d-4233-9741-5ec7a2b4a573,9.78
277,4892da00-7897-442c-a752-08780d94da94,8.38
278,9d759cca-252e-47a6-a09b-c162dac74647,2.21
279,fb1982ec-7d70-4079-8b90-7197ed466ade,8.19
280,4ad5035b-d45a-441e-8f62-7a2ff2234e2a,4.67
281,2dd463c9-5da2-40ff-98b6-5a0c180a2b10,4.9
282,98f7225c-79fb-45cd-a319-fd88453e019f,2.48
283,fb1982ec-7d70-4079-8b90-7197ed466ade,8.79
284,14b3ba83-ea7c-4f49-b4ea-da24e9637eab,5.77
285,f523802a-d016-4bc2-a195-78e90242ab63,5.85
286,0296036c-15de-4eb1-9d81-abaa8f26c235,3.86
287,3947e0ba-7535-494e-87f9-6e178d7c19c3,9.47
288,691d3dd8-ab49-4ffb-a31b-be5155b40e81,1.29
289,02ac0ac9-9e9c-49b0-9b88-e7a845b7eda1,8.06
290,518b660b-6868-4cda-b188-93a0acbffda4,4.52
291,a8d1e889-0ac8-4085-a71f-c11005d251f5,3.92
292,4674c6e9-624d-4233-9741-5ec7a2b4a573,5.65
293,84d7618b-c58a-4ba5-8453-3cc3507986b7,5.51
294,691d3dd8-ab49-4ffb-a31b-be5155b40e81,0.11
295,c5ceaba9-bc61-46b6-9ca9-ee5d72903b5f,3.03
296,829cdeb1-28cd-447d-bf25-e03daab18891,1.6
297,babd3ebc-b8aa-4e76-8187-5c2096e03999,4.9
298,fb1982ec-7d70-4079-8b90-7197ed466ade,6.85
299,b00b23fa-5ab0-4db2-87fb-9e38ac58ad6a,1.67
300,b104cb94-d7dc-43ab-82de-0061ac5a6085,2.34
301,7995d44c-6af5-4af8-bd6f-8921c182eb0e,6.22
302,4ed7ae26-47ab-4d18-9d50-81d6a5564f8f,1.17
303,d0c1740e-8672-491e-96d5-43d6e19d2c83,1.17
304,1a7d7d8e-f82e-488a-b7c6-70291d2c1af6,2.21
305,dec34566-b0db-461e-a566-05c28a9c08ae,0.08
306,de7ca325-0a88-4b4e-b960-b58872be369b,4.65
307,e26043fa-eb96-4aa5-8515-6e68971a8df2,7.75
308,4892da00-7897-442c-a752-08780d94da94,9.36
309,53bbc136-fa5c-49c1-bfe7-accad3334d19,4.18
310,d1e3a1ad-a2d8-4915-9b63-c6cb605100a9,5.87
311,a2c05dda-ca2c-4e08-bb8a-b8b26a99aa98,9.48
312,a5339682-fe35-415a-80b7-d972e780562e,0.46
313,663806da-d41c-4446-98d6-449bcfd72819,3.75
314,5a31523d-8d1a-44cf-8b85-08bbc9986937,1.58
315,705fd795-6243-4194-8e7f-45f48e5a74d9,2.57
316,4892da00-7897-442c-a752-08780d94da94,3.96
317,4674c6e9-624d-4233-9741-5ec7a2b4a573,8.37
318,b050d642-61cd-4cec-9745-97dc4e5e8a9b,9.55
319,069fc626-5635-4f32-b4dd-bb540feab4ec,9.39
320,518b660b-6868-4cda-b188-93a0acbffda4,3.51
321,524f089f-c323-4969-bc4d-094993569da8,0.55
322,cf2e6a0a-2fbd-465f-a814-5c5a4a5dec4e,8.57
323,d47c2d11-1572-49da-9aa9-42ea17211ba0,3.0
324,705fd795-6243-4194-8e7f-45f48e5a74d9,8.01
325,c0b25f2f-1daa-4e52-9d81-6f392c64786c,2.85
326,f3712d48-b5c9-4980-8356-c04d1d79761b,7.26
327,c5ceaba9-bc61-46b6-9ca9-ee5d72903b5f,2.07
328,30447216-d6e6-4ac9-8353-3a91aa924835,6.08
329,e8b3d11d-e30b-452f-aad2-cb2523c46fca,4.73
330,b2ef1978-79f8-4274-a90b-e07dde4c8312,8.65
331,8d166011-0b3f-4d3f-a4ca-29b8c6db8223,1.4
332,7ffb6139-f41c-4693-ae4b-89ba60237c3b,5.85
333,84d7618b-c58a-4ba5-8453-3cc3507986b7,3.97
334,65c21c23-d958-4d4d-bb39-2d89206f4e57,1.91
335,2dd62b7c-78bb-4650-846e-29276b76f819,7.35
336,cb4e71c1-bb66-407f-930e-ef20664ec1e1,5.68
337,7aed3a56-79d2-40d4-b627-c0aaa8f5b5dd,1.69
338,614de6a0-35f0-4331-ab6f-56bc88873232,8.51
339,476193cc-2936-43c2-ac0d-6beece46dd83,5.72
340,375a21ea-74b4-476e-aa0f-dca78e40e411,2.95
341,e97ce6d3-915b-48e5-805e-30ba168ee57f,3.01
342,60b59de2-87e2-49ba-955f-951b94efa640,3.6
343,b050d642-61cd-4cec-9745-97dc4e5e8a9b,1.4
344,7aed3a56-79d2-40d4-b627-c0aaa8f5b5dd,2.49
345,6fa0930f-80e5-466d-a639-1bfa7acb3bf5,1.75
346,5bd41c96-86bd-4bf0-8f8f-9109a5e80b31,3.0
347,dec34566-b0db-461e-a566-05c28a9c08ae,2.74
348,13609fc9-23e8-4ca1-8e38-0226cce0b2d6,4.59
349,282dfe1a-a2ea-4041-b9f2-c3064a6bb2b9,7.7
350,189997eb-c226-4f93-8b07-b01c5553e3b3,3.35
351,9be6e1de-45aa-4de0-9da1-bc6948092ee9,7.43
352,2ba20480-9cfa-4ba1-96cd-d769eb6a64ae,8.31
353,55a8a013-c557-4ce5-a78c-2a971a6389fa,4.35
354,30447216-d6e6-4ac9-8353-3a91aa924835,6.72
355,375a21ea-74b4-476e-aa0f-dca78e40e411,8.6
356,cac99f47-14bf-4b54-8f7d-58789f3e7425,8.83
357,7df97338-1f5d-489a-88b8-d844fcbc8edf,0.51
358,3947e0ba-7535-494e-87f9-6e178d7c19c3,0.24
359,da1e1006-ccf4-432f-ad66-e15b7ac0e881,4.06
360,29291417-4b98-4eca-b68c-b744abe910d1,7.93
361,98ce2df5-1d43-40fb-87f3-300ef7a7975b,9.4
362,4ad5035b-d45a-441e-8f62-7a2ff2234e2a,8.36
363,f7fd7925-5467-4c34-8672-d9ee37a28146,9.14
364,e8b3d11d-e30b-452f-aad2-cb2523c46fca,5.59
365,502f6634-76b9-4fef-929f-e1b4db9d5550,9.73
366,5bd41c96-86bd-4bf0-8f8f-9109a5e80b31,0.65
367,bf934a3b-00ca-4318-9b2a-9039f5ca7624,6.99
368,7995d44c-6af5-4af8-bd6f-8921c182eb0e,8.05
369,68c27295-2933-466c-8471-15390e4abbb2,0.58
370,e49004c8-c776-4ca8-962a-852f51d4e666,3.81
371,39e4ef7c-9db0-4f3e-a0db-a76b572d8c87,0.02
372,3947e0ba-7535-494e-87f9-6e178d7c19c3,9.48
373,76176c2a-e968-48ad-80ce-231423c44275,2.25
374,d1e3a1ad-a2d8-4915-9b63-c6cb605100a9,6.43
375,2c8bd432-267e-4632-aba9-76387d0aa3b3,6.89
376,486feb8d-0f4b-4f07-b297-b3b39a445a8b,8.63
377,486feb8d-0f4b-4f07-b297-b3b39a445a8b,9.6
378,116ad7bc-91e8-40bf-8a92-84c944ae6de2,0.45
379,f98a6b49-c6df-4821-aea9-6bf05ea9ffaf,3.31
380,8be24e7a-e428-4883-87f4-51cd41c01f02,8.77
381,a5fd3c44-6ba1-48cb-9e6f-511a1f95f0a5,2.99
382,55a8a013-c557-4ce5-a78c-2a971a6389fa,5.73
383,7ffb6139-f41c-4693-ae4b-89ba60237c3b,8.66
384,653abb45-fdd6-4e9f-8d78-229f98526ad5,8.82
385,9443262e-75fa-43cd-a684-c03ee1355f59,1.04
386,524f089f-c323-4969-bc4d-094993569da8,5.73
387,a5fd3c44-6ba1-48cb-9e6f-511a1f95f0a5,9.07
388,e97ce6d3-915b-48e5-805e-30ba168ee57f,7.63
389,829cdeb1-28cd-447d-bf25-e03daab18891,4.73
390,0296036c-15de-4eb1-9d81-abaa8f26c235,9.33
391,8be24e7a-e428-4883-87f4-51cd41c01f02,6.64
392,653abb45-fdd6-4e9f-8d78-229f98526ad5,4.94
393,d86c55d1-9d5f-4915-899f-b43f3f2cca92,5.18
394,4674c6e9-624d-4233-9741-5ec7a2b4a573,7.07
395,a5fd3c44-6ba1-48cb-9e6f-511a1f95f0a5,7.72
396,2237b7ac-11e8-48bd-8d7f-083328b84f4a,7.22
397,f3df249c-b3d6-4892-84e2-c3848a1bd739,5.54
398,705fd795-6243-4194-8e7f-45f48e5a74d9,0.76
399,7aed3a56-79d2-40d4-b627-c0aaa8f5b5dd,2.07
400,116ad7bc-91e8-40bf-8a92-84c944ae6de2,2.48
401,2dd62b7c-78bb-4650-846e-29276b76f819,9.89
402,68c27295-2933-466c-8471-15390e4abbb2,6.11
403,e0163bee-4fd2-426e-8c34-74c0147ae290,5.28
404,90f38504-2a2d-4983-bd3b-13cb2c5f8975,7.27
405,8471b125-937b-46d7-afd0-5496c5b1cf63,10.0
406,b2ef1978-79f8-4274-a90b-e07dde4c8312,6.42
407,e26043fa-eb96-4aa5-8515-6e68971a8df2,4.79
408,b104cb94-d7dc-43ab-82de-0061ac5a6085,4.31
409,2237b7ac-11e8-48bd-8d7f-083328b84f4a,0.8
410,27b3e310-ec50-48fe-86d0-b24eef6a6e0e,6.6
411,e97ce6d3-915b-48e5-805e-30ba168ee57f,1.83
412,705fd795-6243-4194-8e7f-45f48e5a74d9,6.49
413,5a31523d-8d1a-44cf-8b85-08bbc9986937,0.42
414,d496b910-18bc-43f5-8cc5-eed4bb787e8b,8.3
415,98f7225c-79fb-45cd-a319-fd88453e019f,1.26
416,98ce2df5-1d43-40fb-87f3-300ef7a7975b,4.58
417,d0b23928-cba9-4729-9200-ce42f15f1a1f,4.29
418,1647ce04-34dc-4921-be23-d42ec4048b37,4.64
419,a20dc493-333e-4bff-82be-76f3f08ea61a,4.82
420,069fc626-5635-4f32-b4dd-bb540feab4ec,7.26
421,d0c1740e-8672-491e-96d5-43d6e19d2c83,9.36
422,e7871b23-5647-4a3a-b522-d3307a3c8855,7.73
423,e0a5fede-e011-4ae6-a77e-a6ffcb31657e,4.27
424,cb4e71c1-bb66-407f-930e-ef20664ec1e1,3.43
425,c5ceaba9-bc61-46b6-9ca9-ee5d72903b5f,6.93
426,cabdcaef-9486-4a22-8314-0b1ba709627f,9.61
427,de7ca325-0a88-4b4e-b960-b58872be369b,2.23
428,705fd795-6243-4194-8e7f-45f48e5a74d9,4.42
429,069fc626-5635-4f32-b4dd-bb540feab4ec,5.35
430,f3df249c-b3d6-4892-84e2-c3848a1bd739,5.2
431,13609fc9-23e8-4ca1-8e38-0226cce0b2d6,1.96
432,68c27295-2933-466c-8471-15390e4abbb2,5.53
433,a5fd3c44-6ba1-48cb-9e6f-511a1f95f0a5,7.16
434,cdab94ee-2c3c-45dc-9974-2c62c1776737,5.96
435,9d759cca-252e-47a6-a09b-c162dac74647,4.3
436,7df97338-1f5d-489a-88b8-d844fcbc8edf,6.46
437,92c29801-f5e5-4151-8f51-e38324dd50ef,2.93
438,39e4ef7c-9db0-4f3e-a0db-a76b572d8c87,1.53
439,2dd62b7c-78bb-4650-846e-29276b76f819,1.71
440,dec34566-b0db-461e-a566-05c28a9c08ae,5.47
441,de7ca325-0a88-4b4e-b960-b58872be369b,5.54
442,3f7bfb69-98f7-4a2f-8418-21d6b5fc4f77,6.43
443,58db01c0-a486-4cf2-870d-9c9b4baa4a7e,4.72
444,2f10cd73-6dda-43e4-8364-438d75ee8b6c,0.93
445,0f62887a-1736-4b42-aa72-dff3e0488f3d,3.25
446,a9c054f0-ce60-412b-a825-cdea1cb6e038,3.52
447,53bbc136-fa5c-49c1-bfe7-accad3334d19,4.98
448,65c21c23-d958-4d4d-bb39-2d89206f4e57,5.4
449,4674c6e9-624d-4233-9741-5ec7a2b4a573,6.06
450,a5339682-fe35-415a-80b7-d972e780562e,4.22
451,d47c2d11-1572-49da-9aa9-42ea17211ba0,1.37
452,6fa0930f-80e5-466d-a639-1bfa7acb3bf5,1.47
453,29291417-4b98-4eca-b68c-b744abe910d1,0.73
454,d1e3a1ad-a2d8-4915-9b63-c6cb605100a9,5.9
455,a5339682-fe35-415a-80b7-d972e780562e,8.98
456,f3712d48-b5c9-4980-8356-c04d1d79761b,9.19
457,cabdcaef-9486-4a22-8314-0b1ba709627f,9.28
458,84d7618b-c58a-4ba5-8453-3cc3507986b7,8.09
459,58c400b0-a21b-4ba5-aa22-74915949db72,6.22
460,2dd463c9-5da2-40ff-98b6-5a0c180a2b10,5.29
461,829cdeb1-28cd-447d-bf25-e03daab18891,3.97
462,cdab94ee-2c3c-45dc-9974-2c62c1776737,4.16
463,201c3809-dc5f-4ca7-877c-8c517fd52b01,9.49
464,d496b910-18bc-43f5-8cc5-eed4bb787e8b,8.95
465,f523802a-d016-4bc2-a195-78e90242ab63,3.74
466,7995d44c-6af5-4af8-bd6f-8921c182eb0e,3.2
467,94dedccf-69fd-4684-8f88-324a4bfbdace,6.76
468,e49004c8-c776-4ca8-962a-852f51d4e666,6.18
469,babd3ebc-b8aa-4e76-8187-5c2096e03999,8.77
470,d4414f28-3d95-4a69-974e-2bfb504968ff,9.85
471,9ab7653f-a0b1-4485-b199-d82ac1f6abb0,9.27
472,97a913a3-38c0-440d-bc27-012726de2697,1.27
473,0abf4c4c-a37e-4262-8e0a-41e036eba26a,7.88
474,cd657d15-c67d-41fe-905a-85d2c152c0ba,9.0
475,a9c054f0-ce60-412b-a825-cdea1cb6e038,9.12
476,98ce2df5-1d43-40fb-87f3-300ef7a7975b,4.85
477,84d7618b-c58a-4ba5-8453-3cc3507986b7,1.49
478,cdab94ee-2c3c-45dc-9974-2c62c1776737,8.52
479,486feb8d-0f4b-4f07-b297-b3b39a445a8b,2.25
480,e26043fa-eb96-4aa5-8515-6e68971a8df2,1.22
481,116ad7bc-91e8-40bf-8a92-84c944ae6de2,5.01
482,58c400b0-a21b-4ba5-aa22-74915949db72,0.5
483,375a21ea-74b4-476e-aa0f-dca78e40e411,9.79
484,53055480-a445-4614-af6b-75d9f13ef90d,9.48
485,736d3314-685b-433e-bbd0-d0ffdab10204,8.42
486,98f7225c-79fb-45cd-a319-fd88453e019f,9.75
487,fb1982ec-7d70-4079-8b90-7197ed466ade,7.09
488,b050d642-61cd-4cec-9745-97dc4e5e8a9b,6.74
489,476193cc-2936-43c2-ac0d-6beece46dd83,8.65
490,05f10220-7cae-41bc-812c-3cccd6a5b647,4.88
491,56e25062-4212-4627-bdd8-fa1e844c4067,0.19
492,87164158-262c-46f2-aa34-230a5779a3ea,9.18
493,f2dc52b4-3e34-450f-9877-0184df208500,1.55
494,56e25062-4212-4627-bdd8-fa1e844c4067,0.44
495,1647ce04-34dc-4921-be23-d42ec4048b37,9.35
496,a8d1e889-0ac8-4085-a71f-c11005d251f5,5.75
497,486feb8d-0f4b-4f07-b297-b3b39a445a8b,2.89
498,cac99f47-14bf-4b54-8f7d-58789f3e7425,9.26
499,87164158-262c-46f2-aa34-230a5779a3ea,1.95
500,bf934a3b-00ca-4318-9b2a-9039f5ca7624,3.25
501,98ce2df5-1d43-40fb-87f3-300ef7a7975b,4.89
502,e0163bee-4fd2-426e-8c34-74c0147ae290,4.52
503,462b7af3-4210-4301-af00-4498f9774cf3,1.35
504,614de6a0-35f0-4331-ab6f-56bc88873232,6.89
505,babd3ebc-b8aa-4e76-8187-5c2096e03999,6.55
506,58db01c0-a486-4cf2-870d-9c9b4baa4a7e,8.47
507,4878f330-7fdb-45fe-a15d-7e2323aa289f,1.74
508,8d166011-0b3f-4d3f-a4ca-29b8c6db8223,6.25
509,68c27295-2933-466c-8471-15390e4abbb2,8.63
510,201c3809-dc5f-4ca7-877c-8c517fd52b01,2.8
511,7995d44c-6af5-4af8-bd6f-8921c182eb0e,3.08
512,90f38504-2a2d-4983-bd3b-13cb2c5f8975,1.41
513,98ce2df5-1d43-40fb-87f3-300ef7a7975b,5.99
514,5bd41c96-86bd-4bf0-8f8f-9109a5e80b31,9.93
515,5db6a9a9-1b68-4596-b9f3-749140f504fe,5.23
516,4878f330-7fdb-45fe-a15d-7e2323aa289f,5.86
517,614de6a0-35f0-4331-ab6f-56bc88873232,8.43
518,02ac0ac9-9e9c-49b0-9b88-e7a845b7eda1,6.57
519,705fd795-6243-4194-8e7f-45f48e5a74d9,1.92
520,c30411c4-b5d7-472a-b176-56c2b0e8bfd7,9.21
521,f523802a-d016-4bc2-a195-78e90242ab63,1.81
522,1647ce04-34dc-4921-be23-d42ec4048b37,0.76
523,e8b3d11d-e30b-452f-aad2-cb2523c46fca,0.43
524,5bd41c96-86bd-4bf0-8f8f-9109a5e80b31,4.0
525,39e4ef7c-9db0-4f3e-a0db-a76b572d8c87,6.77
526,77d9e7fb-558f-4f10-845e-23533eeff14f,4.36
527,e3d56399-8ba8-4b3c-a4a0-87f4ef000c8e,1.66
528,cd657d15-c67d-41fe-905a-85d2c152c0ba,8.12
529,22f318ec-946a-4802-97a5-08b555cbe7c4,6.76
530,02ac0ac9-9e9c-49b0-9b88-e7a845b7eda1,3.43
531,5bd41c96-86bd-4bf0-8f8f-9109a5e80b31,6.66
532,98ce2df5-1d43-40fb-87f3-300ef7a7975b,0.38
533,c5ceaba9-bc61-46b6-9ca9-ee5d72903b5f,3.93
534,ca1a53db-cd88-4814-952a-7dbbb28f31b8,3.95
535,7df97338-1f5d-489a-88b8-d844fcbc8edf,7.97
536,f2e02b51-22f0-4dde-90e4-ac35ca5ef73e,0.15
537,1647ce04-34dc-4921-be23-d42ec4048b37,1.07
538,e49004c8-c776-4ca8-962a-852f51d4e666,3.44
539,3aa562a6-29fb-42fc-835a-5a4ed0c439e1,3.15
540,55a8a013-c557-4ce5-a78c-2a971a6389fa,2.01
541,200e62f4-2c60-49d3-ac36-0c9d16f475b2,0.64
542,189997eb-c226-4f93-8b07-b01c5553e3b3,3.21
543,e49004c8-c776-4ca8-962a-852f51d4e666,4.88
544,14b3ba83-ea7c-4f49-b4ea-da24e9637eab,0.59
545,60b59de2-87e2-49ba-955f-951b94efa640,8.72
546,a5fd3c44-6ba1-48cb-9e6f-511a1f95f0a5,3.08
547,189997eb-c226-4f93-8b07-b01c5553e3b3,2.42
548,9d759cca-252e-47a6-a09b-c162dac74647,3.93
549,614de6a0-35f0-4331-ab6f-56bc88873232,8.67
550,462b7af3-4210-4301-af00-4498f9774cf3,1.7
551,e97ce6d3-915b-48e5-805e-30ba168ee57f,6.09
552,ca1a53db-cd88-4814-952a-7dbbb28f31b8,6.86
553,cd657d15-c67d-41fe-905a-85d2c152c0ba,6.1
554,92c29801-f5e5-4151-8f51-e38324dd50ef,5.18
555,30447216-d6e6-4ac9-8353-3a91aa924835,1.69
556,b050d642-61cd-4cec-9745-97dc4e5e8a9b,1.18
557,0abf4c4c-a37e-4262-8e0a-41e036eba26a,3.22
558,ad25291e-e33f-4bf4-a341-d414b52a7a41,8.46
559,2dd463c9-5da2-40ff-98b6-5a0c180a2b10,2.93
560,27b3e310-ec50-48fe-86d0-b24eef6a6e0e,9.37
561,f523802a-d016-4bc2-a195-78e90242ab63,9.31
562,8471b125-937b-46d7-afd0-5496c5b1cf63,2.7
563,8471b125-937b-46d7-afd0-5496c5b1cf63,5.78
564,cabdcaef-9486-4a22-8314-0b1ba709627f,1.18
565,8471b125-937b-46d7-afd0-5496c5b1cf63,5.41
566,282dfe1a-a2ea-4041-b9f2-c3064a6bb2b9,3.64
567,4674c6e9-624d-4233-9741-5ec7a2b4a573,1.44
568,13609fc9-23e8-4ca1-8e38-0226cce0b2d6,0.6
569,2dd62b7c-78bb-4650-846e-29276b76f819,4.96
570,14b3ba83-ea7c-4f49-b4ea-da24e9637eab,5.7
571,13609fc9-23e8-4ca1-8e38-0226cce0b2d6,0.73
572,30447216-d6e6-4ac9-8353-3a91aa924835,4.37
573,954e58ee-c526-44e2-8630-c258f3c5a21d,7.78
574,3f7bfb69-98f7-4a2f-8418-21d6b5fc4f77,0.63
575,3947e0ba-7535-494e-87f9-6e178d7c19c3,5.01
576,f4610afe-68f5-43d2-bf24-e99066b59dfa,8.61
577,418aae8f-9bfa-4277-ad70-5bff98be3166,7.16
578,524f089f-c323-4969-bc4d-094993569da8,3.7
579,7995d44c-6af5-4af8-bd6f-8921c182eb0e,2.81
580,2237b7ac-11e8-48bd-8d7f-083328b84f4a,1.96
581,3947e0ba-7535-494e-87f9-6e178d7c19c3,7.25
582,3947e0ba-7535-494e-87f9-6e178d7c19c3,5.21
583,829cdeb1-28cd-447d-bf25-e03daab18891,3.3
584,7995d44c-6af5-4af8-bd6f-8921c182eb0e,9.36
585,56e25062-4212-4627-bdd8-fa1e844c4067,9.99
586,691d3dd8-ab49-4ffb-a31b-be5155b40e81,6.75
587,b104cb94-d7dc-43ab-82de-0061ac5a6085,5.77
588,53bbc136-fa5c-49c1-bfe7-accad3334d19,5.73
589,53bbc136-fa5c-49c1-bfe7-accad3334d19,2.3
590,d0b23928-cba9-4729-9200-ce42f15f1a1f,4.26
591,f3df249c-b3d6-4892-84e2-c3848a1bd739,0.03
592,e26043fa-eb96-4aa5-8515-6e68971a8df2,3.6
593,959e0182-0705-4330-b188-739438673d96,2.12
594,c0b25f2f-1daa-4e52-9d81-6f392c64786c,2.59
595,b050d642-61cd-4cec-9745-97dc4e5e8a9b,5.62
596,691d3dd8-ab49-4ffb-a31b-be5155b40e81,0.57
597,13609fc9-23e8-4ca1-8e38-0226cce0b2d6,7.82
598,7df97338-1f5d-489a-88b8-d844fcbc8edf,8.47
599,e26043fa-eb96-4aa5-8515-6e68971a8df2,8.87
600,22f318ec-946a-4802-97a5-08b555cbe7c4,0.04
601,84d7618b-c58a-4ba5-8453-3cc3507986b7,8.85
602,b2ef1978-79f8-4274-a90b-e07dde4c8312,7.39
603,2b3884c0-ab4f-4f91-bd61-59b9cf4e594a,1.31
604,76176c2a-e968-48ad-80ce-231423c44275,0.8
605,4892da00-7897-442c-a752-08780d94da94,0.76
606,8d166011-0b3f-4d3f-a4ca-29b8c6db8223,2.22
607,829cdeb1-28cd-447d-bf25-e03daab18891,8.39
608,55a8a013-c557-4ce5-a78c-2a971a6389fa,8.9
609,15fb8b5a-f4a8-4ef9-8c09-265beb16685f,1.7
610,a8d1e889-0ac8-4085-a71f-c11005d251f5,5.54
611,f3712d48-b5c9-4980-8356-c04d1d79761b,1.86
612,6fa0930f-80e5-466d-a639-1bfa7acb3bf5,9.74
613,fb1982ec-7d70-4079-8b90-7197ed466ade,7.22
614,375a21ea-74b4-476e-aa0f-dca78e40e411,5.4
615,39e4ef7c-9db0-4f3e-a0db-a76b572d8c87,6.99
616,1647ce04-34dc-4921-be23-d42ec4048b37,2.4
617,a5339682-fe35-415a-80b7-d972e780562e,7.59
618,d0c1740e-8672-491e-96d5-43d6e19d2c83,3.59
619,d1e3a1ad-a2d8-4915-9b63-c6cb605100a9,4.83
620,518b660b-6868-4cda-b188-93a0acbffda4,7.71
621,486feb8d-0f4b-4f07-b297-b3b39a445a8b,5.97
622,a9c054f0-ce60-412b-a825-cdea1cb6e038,9.42
623,2ba20480-9cfa-4ba1-96cd-d769eb6a64ae,7.37
624,94dedccf-69fd-4684-8f88-324a4bfbdace,3.88
625,5db6a9a9-1b68-4596-b9f3-749140f504fe,1.4
626,116ad7bc-91e8-40bf-8a92-84c944ae6de2,4.21
627,0f62887a-1736-4b42-aa72-dff3e0488f3d,7.73
628,e3d56399-8ba8-4b3c-a4a0-87f4ef000c8e,2.51
629,502f6634-76b9-4fef-929f-e1b4db9d5550,1.23
630,a5fd3c44-6ba1-48cb-9e6f-511a1f95f0a5,9.08
631,7bc1099c-9276-4c8c-b681-055bc7d0658a,1.9
632,55a8a013-c557-4ce5-a78c-2a971a6389fa,0.8
633,a5fd3c44-6ba1-48cb-9e6f-511a1f95f0a5,0.54
634,68c27295-2933-466c-8471-15390e4abbb2,7.01
635,4878f330-7fdb-45fe-a15d-7e2323aa289f,9.37
636,c30411c4-b5d7-472a-b176-56c2b0e8bfd7,9.52
637,53055480-a445-4614-af6b-75d9f13ef90d,2.59
638,53055480-a445-4614-af6b-75d9f13ef90d,8.34
639,65c21c23-d958-4d4d-bb39-2d89206f4e57,1.08
640,a9c054f0-ce60-412b-a825-cdea1cb6e038,9.84
641,0f62887a-1736-4b42-aa72-dff3e0488f3d,9.3
642,f2e02b51-22f0-4dde-90e4-ac35ca5ef73e,5.52
643,5bd41c96-86bd-4bf0-8f8f-9109a5e80b31,6.12
644,e97ce6d3-915b-48e5-805e-30ba168ee57f,6.65
645,27b3e310-ec50-48fe-86d0-b24eef6a6e0e,1.05
646,c30411c4-b5d7-472a-b176-56c2b0e8bfd7,2.77
647,05f10220-7cae-41bc-812c-3cccd6a5b647,5.17
648,4674c6e9-624d-4233-9741-5ec7a2b4a573,0.51
649,b955d06d-8a0e-4342-bee5-5fe4700d1181,9.67
650,8471b125-937b-46d7-afd0-5496c5b1cf63,0.3
651,29291417-4b98-4eca-b68c-b744abe910d1,3.58
652,0f62887a-1736-4b42-aa72-dff3e0488f3d,2.93
653,524f089f-c323-4969-bc4d-094993569da8,7.87
654,22f400b2-6fb3-454e-aaf2-20088071d572,1.55
655,4ce6ff89-78ce-4c78-834f-8e48c00c1141,7.64
656,02ac0ac9-9e9c-49b0-9b88-e7a845b7eda1,0.58
657,f2dc52b4-3e34-450f-9877-0184df208500,7.1
658,8d166011-0b3f-4d3f-a4ca-29b8c6db8223,3.61
659,fb1982ec-7d70-4079-8b90-7197ed466ade,5.44
660,282dfe1a-a2ea-4041-b9f2-c3064a6bb2b9,4.95
661,98f7225c-79fb-45cd-a319-fd88453e019f,9.33
662,375a21ea-74b4-476e-aa0f-dca78e40e411,4.93
663,22f318ec-946a-4802-97a5-08b555cbe7c4,6.93
664,691d3dd8-ab49-4ffb-a31b-be5155b40e81,8.09
665,8585a746-3cda-4ad4-923c-848b3e6f8734,8.94
666,53055480-a445-4614-af6b-75d9f13ef90d,8.51
667,7bc1099c-9276-4c8c-b681-055bc7d0658a,1.83
668,9ab7653f-a0b1-4485-b199-d82ac1f6abb0,3.78
669,2c8bd432-267e-4632-aba9-76387d0aa3b3,9.34
670,641b1823-f3b9-4518-8dbf-da68fe11451d,8.33
671,ac3f2156-b764-4667-a6bd-6f094f92386d,4.39
672,58c400b0-a21b-4ba5-aa22-74915949db72,6.46
673,7aed3a56-79d2-40d4-b627-c0aaa8f5b5dd,7.57
674,2dd463c9-5da2-40ff-98b6-5a0c180a2b10,0.6
675,0abf4c4c-a37e-4262-8e0a-41e036eba26a,2.41
676,d86c55d1-9d5f-4915-899f-b43f3f2cca92,2.31
677,7ffb6139-f41c-4693-ae4b-89ba60237c3b,7.89
678,cac99f47-14bf-4b54-8f7d-58789f3e7425,4.04
679,7ffb6139-f41c-4693-ae4b-89ba60237c3b,6.54
680,60aff51a-6723-441e-8ecb-2628f31ece33,6.88
681,13609fc9-23e8-4ca1-8e38-0226cce0b2d6,7.28
682,d0c1740e-8672-491e-96d5-43d6e19d2c83,6.79
683,f2dc52b4-3e34-450f-9877-0184df208500,5.14
684,da1e1006-ccf4-432f-ad66-e15b7ac0e881,6.51
685,76176c2a-e968-48ad-80ce-231423c44275,6.85
686,418aae8f-9bfa-4277-ad70-5bff98be3166,0.98
687,3947e0ba-7535-494e-87f9-6e178d7c19c3,3.65
688,e7871b23-5647-4a3a-b522-d3307a3c8855,8.94
689,98ce2df5-1d43-40fb-87f3-300ef7a7975b,3.31
690,02ac0ac9-9e9c-49b0-9b88-e7a845b7eda1,6.04
691,f3712d48-b5c9-4980-8356-c04d1d79761b,5.93
692,f98a6b49-c6df-4821-aea9-6bf05ea9ffaf,4.74
693,959e0182-0705-4330-b188-739438673d96,7.9
694,282dfe1a-a2ea-4041-b9f2-c3064a6bb2b9,6.99
695,462b7af3-4210-4301-af00-4498f9774cf3,9.83
696,f7fd7925-5467-4c34-8672-d9ee37a28146,6.67
697,1a7d7d8e-f82e-488a-b7c6-70291d2c1af6,3.24
698,9d759cca-252e-47a6-a09b-c162dac74647,1.82
699,2b3884c0-ab4f-4f91-bd61-59b9cf4e594a,4.94
700,60aff51a-6723-441e-8ecb-2628f31ece33,5.07
701,a8d1e889-0ac8-4085-a71f-c11005d251f5,6.32
702,1a2be3df-a814-4804-8de5-2125f707b34a,3.33
703,65c21c23-d958-4d4d-bb39-2d89206f4e57,4.12
704,cabdcaef-9486-4a22-8314-0b1ba709627f,1.71
705,282dfe1a-a2ea-4041-b9f2-c3064a6bb2b9,6.91
706,e8b3d11d-e30b-452f-aad2-cb2523c46fca,8.14
707,8d166011-0b3f-4d3f-a4ca-29b8c6db8223,4.04
708,829cdeb1-28cd-447d-bf25-e03daab18891,5.48
709,a9c054f0-ce60-412b-a825-cdea1cb6e038,1.68
710,7df97338-1f5d-489a-88b8-d844fcbc8edf,3.6
711,77d9e7fb-558f-4f10-845e-23533eeff14f,6.2
712,201c3809-dc5f-4ca7-877c-8c517fd52b01,0.59
713,87164158-262c-46f2-aa34-230a5779a3ea,9.73
714,c0b25f2f-1daa-4e52-9d81-6f392c64786c,5.75
715,22f318ec-946a-4802-97a5-08b555cbe7c4,3.26
716,116ad7bc-91e8-40bf-8a92-84c944ae6de2,6.97
717,55a8a013-c557-4ce5-a78c-2a971a6389fa,7.26
718,189997eb-c226-4f93-8b07-b01c5553e3b3,7.38
719,4892da00-7897-442c-a752-08780d94da94,1.8
720,1647ce04-34dc-4921-be23-d42ec4048b37,6.6
721,f4610afe-68f5-43d2-bf24-e99066b59dfa,0.11
722,5baec35c-26fb-4792-86db-c704d4b19460,9.48
723,f2dc52b4-3e34-450f-9877-0184df208500,4.67
724,02ac0ac9-9e9c-49b0-9b88-e7a845b7eda1,1.88
725,418aae8f-9bfa-4277-ad70-5bff98be3166,2.3
726,a5339682-fe35-415a-80b7-d972e780562e,6.3
727,84d7618b-c58a-4ba5-8453-3cc3507986b7,7.29
728,fb1982ec-7d70-4079-8b90-7197ed466ade,4.62
729,e0a5fede-e011-4ae6-a77e-a6ffcb31657e,9.72
730,663806da-d41c-4446-98d6-449bcfd72819,6.72
731,d47c2d11-1572-49da-9aa9-42ea17211ba0,1.85
732,60aff51a-6723-441e-8ecb-2628f31ece33,1.6
733,a2c05dda-ca2c-4e08-bb8a-b8b26a99aa98,9.9
734,3d8c4590-20c5-49a8-8192-9fe4e981be87,9.97
735,3f7bfb69-98f7-4a2f-8418-21d6b5fc4f77,6.8
736,65c21c23-d958-4d4d-bb39-2d89206f4e57,5.28
737,98ce2df5-1d43-40fb-87f3-300ef7a7975b,4.15
738,cdab94ee-2c3c-45dc-9974-2c62c1776737,0.46
739,84d7618b-c58a-4ba5-8453-3cc3507986b7,3.03
740,3aa562a6-29fb-42fc-835a-5a4ed0c439e1,7.01
741,84d7618b-c58a-4ba5-8453-3cc3507986b7,9.58
742,22f400b2-6fb3-454e-aaf2-20088071d572,0.34
743,d4414f28-3d95-4a69-974e-2bfb504968ff,1.26
744,a9c054f0-ce60-412b-a825-cdea1cb6e038,1.32
745,c0b25f2f-1daa-4e52-9d81-6f392c64786c,0.17
746,77d9e7fb-558f-4f10-845e-23533eeff14f,7.59
747,2237b7ac-11e8-48bd-8d7f-083328b84f4a,5.32
748,1647ce04-34dc-4921-be23-d42ec4048b37,6.17
749,a2c05dda-ca2c-4e08-bb8a-b8b26a99aa98,0.3
750,d86c55d1-9d5f-4915-899f-b43f3f2cca92,3.83
751,a20dc493-333e-4bff-82be-76f3f08ea61a,5.28
752,f3df249c-b3d6-4892-84e2-c3848a1bd739,8.74
753,2237b7ac-11e8-48bd-8d7f-083328b84f4a,2.1
754,a5fd3c44-6ba1-48cb-9e6f-511a1f95f0a5,0.16
755,76176c2a-e968-48ad-80ce-231423c44275,8.14
756,8d166011-0b3f-4d3f-a4ca-29b8c6db8223,9.79
757,fb1982ec-7d70-4079-8b90-7197ed466ade,5.31
758,d0c1740e-8672-491e-96d5-43d6e19d2c83,0.01
759,b2ef1978-79f8-4274-a90b-e07dde4c8312,6.75
760,2c8bd432-267e-4632-aba9-76387d0aa3b3,9.39
761,691d3dd8-ab49-4ffb-a31b-be5155b40e81,0.51
762,ca1a53db-cd88-4814-952a-7dbbb28f31b8,6.74
763,02ac0ac9-9e9c-49b0-9b88-e7a845b7eda1,6.0
764,a5fd3c44-6ba1-48cb-9e6f-511a1f95f0a5,9.32
765,22f318ec-946a-4802-97a5-08b555cbe7c4,2.76
766,0f62887a-1736-4b42-aa72-dff3e0488f3d,8.25
767,b050d642-61cd-4cec-9745-97dc4e5e8a9b,0.27
768,cb4e71c1-bb66-407f-930e-ef20664ec1e1,3.11
769,2ba20480-9cfa-4ba1-96cd-d769eb6a64ae,7.43
770,7995d44c-6af5-4af8-bd6f-8921c182eb0e,3.78
771,524f089f-c323-4969-bc4d-094993569da8,3.34
772,56e25062-4212-4627-bdd8-fa1e844c4067,2.95
773,476193cc-2936-43c2-ac0d-6beece46dd83,3.26
774,27b3e310-ec50-48fe-86d0-b24eef6a6e0e,1.55
775,60aff51a-6723-441e-8ecb-2628f31ece33,0.57
776,c9b31dfc-1a1b-43db-b35e-525a20f2ffe7,6.1
777,22f400b2-6fb3-454e-aaf2-20088071d572,2.85
778,f98a6b49-c6df-4821-aea9-6bf05ea9ffaf,5.81
779,87164158-262c-46f2-aa34-230a5779a3ea,0.15
780,7df97338-1f5d-489a-88b8-d844fcbc8edf,9.88
781,829cdeb1-28cd-447d-bf25-e03daab18891,4.47
782,8471b125-937b-46d7-afd0-5496c5b1cf63,4.02
783,65c21c23-d958-4d4d-bb39-2d89206f4e57,8.95
784,2dd463c9-5da2-40ff-98b6-5a0c180a2b10,4.45
785,cf2e6a0a-2fbd-465f-a814-5c5a4a5dec4e,5.57
786,05f10220-7cae-41bc-812c-3cccd6a5b647,0.24
787,65c21c23-d958-4d4d-bb39-2d89206f4e57,6.24
788,c0b25f2f-1daa-4e52-9d81-6f392c64786c,4.64
789,60aff51a-6723-441e-8ecb-2628f31ece33,3.94
790,e0a5fede-e011-4ae6-a77e-a6ffcb31657e,6.64
791,f523802a-d016-4bc2-a195-78e90242ab63,1.27
792,c30411c4-b5d7-472a-b176-56c2b0e8bfd7,9.79
793,d4414f28-3d95-4a69-974e-2bfb504968ff,9.53
794,d485e920-aea4-4255-aa87-39b95be51923,6.12
795,2dd62b7c-78bb-4650-846e-29276b76f819,2.4
796,bf934a3b-00ca-4318-9b2a-9039f5ca7624,2.31
797,3aa562a6-29fb-42fc-835a-5a4ed0c439e1,0.76
798,e3d56399-8ba8-4b3c-a4a0-87f4ef000c8e,4.46
799,3947e0ba-7535-494e-87f9-6e178d7c19c3,5.28
800,76176c2a-e968-48ad-80ce-231423c44275,9.22
801,f3712d48-b5c9-4980-8356-c04d1d79761b,7.2
802,15fb8b5a-f4a8-4ef9-8c09-265beb16685f,7.94
803,30447216-d6e6-4ac9-8353-3a91aa924835,8.25
804,5db6a9a9-1b68-4596-b9f3-749140f504fe,0.37
805,893b36dc-1ec1-4f7c-b628-ca8ff95480bc,1.82
806,4892da00-7897-442c-a752-08780d94da94,0.41
807,da1e1006-ccf4-432f-ad66-e15b7ac0e881,4.23
808,a2c05dda-ca2c-4e08-bb8a-b8b26a99aa98,4.71
809,cf2e6a0a-2fbd-465f-a814-5c5a4a5dec4e,1.45
810,a2c05dda-ca2c-4e08-bb8a-b8b26a99aa98,0.2
811,7df97338-1f5d-489a-88b8-d844fcbc8edf,6.76
812,2f10cd73-6dda-43e4-8364-438d75ee8b6c,5.34
813,7aed3a56-79d2-40d4-b627-c0aaa8f5b5dd,1.97
814,f2dc52b4-3e34-450f-9877-0184df208500,4.87
815,d496b910-18bc-43f5-8cc5-eed4bb787e8b,0.24
816,87164158-262c-46f2-aa34-230a5779a3ea,4.7
817,ca1a53db-cd88-4814-952a-7dbbb28f31b8,0.04
818,b104cb94-d7dc-43ab-82de-0061ac5a6085,1.17
819,189997eb-c226-4f93-8b07-b01c5553e3b3,7.44
820,616b8987-40e2-4cf3-9912-d6b2aecd6e60,8.69
821,02ac0ac9-9e9c-49b0-9b88-e7a845b7eda1,2.49
822,9443262e-75fa-43cd-a684-c03ee1355f59,8.34
823,d47c2d11-1572-49da-9aa9-42ea17211ba0,5.95
824,f3712d48-b5c9-4980-8356-c04d1d79761b,1.19
825,a9c054f0-ce60-412b-a825-cdea1cb6e038,7.98
826,2237b7ac-11e8-48bd-8d7f-083328b84f4a,7.37
827,524f089f-c323-4969-bc4d-094993569da8,4.05
828,e0a5fede-e011-4ae6-a77e-a6ffcb31657e,7.11
829,53055480-a445-4614-af6b-75d9f13ef90d,5.01
830,05f10220-7cae-41bc-812c-3cccd6a5b647,0.85
831,d496b910-18bc-43f5-8cc5-eed4bb787e8b,6.11
832,33356b57-a712-4762-955b-3a2ffc28f7ed,9.33
833,653abb45-fdd6-4e9f-8d78-229f98526ad5,8.87
834,116ad7bc-91e8-40bf-8a92-84c944ae6de2,8.74
835,691d3dd8-ab49-4ffb-a31b-be5155b40e81,0.79
836,4ce6ff89-78ce-4c78-834f-8e48c00c1141,5.04
837,476193cc-2936-43c2-ac0d-6beece46dd83,4.89
838,e26043fa-eb96-4aa5-8515-6e68971a8df2,3.97
839,30447216-d6e6-4ac9-8353-3a91aa924835,9.98
840,56e25062-4212-4627-bdd8-fa1e844c4067,2.8
841,2f10cd73-6dda-43e4-8364-438d75ee8b6c,8.05
842,e0a8e00b-4ae0-44ab-95de-bb5f2b2fa5c8,7.88
843,33356b57-a712-4762-955b-3a2ffc28f7ed,8.66
844,0abf4c4c-a37e-4262-8e0a-41e036eba26a,9.7
845,069fc626-5635-4f32-b4dd-bb540feab4ec,4.72
846,8471b125-937b-46d7-afd0-5496c5b1cf63,5.82
847,5db6a9a9-1b68-4596-b9f3-749140f504fe,0.63
848,68da0d64-7d95-4bc4-a9a5-f2a9748a2a72,6.07
849,5bd41c96-86bd-4bf0-8f8f-9109a5e80b31,2.26
850,e0163bee-4fd2-426e-8c34-74c0147ae290,6.52
851,7bc1099c-9276-4c8c-b681-055bc7d0658a,4.95
852,e0a8e00b-4ae0-44ab-95de-bb5f2b2fa5c8,2.02
853,4674c6e9-624d-4233-9741-5ec7a2b4a573,2.19
854,e8b3d11d-e30b-452f-aad2-cb2523c46fca,3.88
855,cac99f47-14bf-4b54-8f7d-58789f3e7425,1.87
856,2dd62b7c-78bb-4650-846e-29276b76f819,5.95
857,65c21c23-d958-4d4d-bb39-2d89206f4e57,5.53
858,736d3314-685b-433e-bbd0-d0ffdab10204,6.91
859,f98a6b49-c6df-4821-aea9-6bf05ea9ffaf,2.01
860,60aff51a-6723-441e-8ecb-2628f31ece33,7.57
861,d1e3a1ad-a2d8-4915-9b63-c6cb605100a9,5.69
862,189997eb-c226-4f93-8b07-b01c5553e3b3,7.71
863,77d9e7fb-558f-4f10-845e-23533eeff14f,4.0
864,282dfe1a-a2ea-4041-b9f2-c3064a6bb2b9,6.06
865,2237b7ac-11e8-48bd-8d7f-083328b84f4a,7.18
866,6fa0930f-80e5-466d-a639-1bfa7acb3bf5,3.0
867,4ad5035b-d45a-441e-8f62-7a2ff2234e2a,2.05
868,0f62887a-1736-4b42-aa72-dff3e0488f3d,4.97
869,1918cb41-f1e1-4262-8411-eb22cf783b44,8.07
870,f2dc52b4-3e34-450f-9877-0184df208500,2.26
871,77d9e7fb-558f-4f10-845e-23533eeff14f,5.74
872,f3df249c-b3d6-4892-84e2-c3848a1bd739,4.08
873,c5ceaba9-bc61-46b6-9ca9-ee5d72903b5f,9.17
874,2dd463c9-5da2-40ff-98b6-5a0c180a2b10,8.91
875,cac99f47-14bf-4b54-8f7d-58789f3e7425,2.11
876,4ce6ff89-78ce-4c78-834f-8e48c00c1141,5.91
877,dec34566-b0db-461e-a566-05c28a9c08ae,7.08
878,02ac0ac9-9e9c-49b0-9b88-e7a845b7eda1,1.82
879,7995d44c-6af5-4af8-bd6f-8921c182eb0e,9.05
880,68da0d64-7d95-4bc4-a9a5-f2a9748a2a72,3.98
881,55a8a013-c557-4ce5-a78c-2a971a6389fa,1.68
882,4ed7ae26-47ab-4d18-9d50-81d6a5564f8f,1.46
883,58c400b0-a21b-4ba5-aa22-74915949db72,2.36
884,5a31523d-8d1a-44cf-8b85-08bbc9986937,5.09
885,7995d44c-6af5-4af8-bd6f-8921c182eb0e,1.64
886,0f62887a-1736-4b42-aa72-dff3e0488f3d,8.29
887,79071a20-d31d-4de8-acb8-95a003185490,7.13
888,58c400b0-a21b-4ba5-aa22-74915949db72,6.26
889,cdab94ee-2c3c-45dc-9974-2c62c1776737,9.17
890,de7ca325-0a88-4b4e-b960-b58872be369b,8.67
891,e3d56399-8ba8-4b3c-a4a0-87f4ef000c8e,7.62
892,f7fd7925-5467-4c34-8672-d9ee37a28146,3.2
893,4674c6e9-624d-4233-9741-5ec7a2b4a573,3.11
894,56110a06-059d-41cd-abaf-b4846875b6b4,3.87
895,cac99f47-14bf-4b54-8f7d-58789f3e7425,3.17
896,4892da00-7897-442c-a752-08780d94da94,2.34
897,9ab7653f-a0b1-4485-b199-d82ac1f6abb0,4.29
898,de7ca325-0a88-4b4e-b960-b58872be369b,8.87
899,e0a5fede-e011-4ae6-a77e-a6ffcb31657e,3.07
900,97a913a3-38c0-440d-bc27-012726de2697,4.02
901,dec34566-b0db-461e-a566-05c28a9c08ae,4.23
902,3f7bfb69-98f7-4a2f-8418-21d6b5fc4f77,4.63
903,9be6e1de-45aa-4de0-9da1-bc6948092ee9,6.95
904,e49004c8-c776-4ca8-962a-852f51d4e666,3.48
905,56110a06-059d-41cd-abaf-b4846875b6b4,0.79
906,d4414f28-3d95-4a69-974e-2bfb504968ff,0.73
907,4878f330-7fdb-45fe-a15d-7e2323aa289f,4.97
908,2dd463c9-5da2-40ff-98b6-5a0c180a2b10,0.15
909,8585a746-3cda-4ad4-923c-848b3e6f8734,3.02
910,d496b910-18bc-43f5-8cc5-eed4bb787e8b,7.94
911,b00b23fa-5ab0-4db2-87fb-9e38ac58ad6a,7.58
912,c9b31dfc-1a1b-43db-b35e-525a20f2ffe7,0.39
913,a8d1e889-0ac8-4085-a71f-c11005d251f5,4.22
914,e0163bee-4fd2-426e-8c34-74c0147ae290,3.29
915,518b660b-6868-4cda-b188-93a0acbffda4,4.39
916,cac99f47-14bf-4b54-8f7d-58789f3e7425,5.06
917,4892da00-7897-442c-a752-08780d94da94,9.56
918,84d7618b-c58a-4ba5-8453-3cc3507986b7,9.84
919,3947e0ba-7535-494e-87f9-6e178d7c19c3,4.66
920,e3d56399-8ba8-4b3c-a4a0-87f4ef000c8e,9.7
921,1647ce04-34dc-4921-be23-d42ec4048b37,3.47
922,4ad5035b-d45a-441e-8f62-7a2ff2234e2a,8.24
923,39e4ef7c-9db0-4f3e-a0db-a76b572d8c87,2.1
924,f2dc52b4-3e34-450f-9877-0184df208500,2.71
925,65c21c23-d958-4d4d-bb39-2d89206f4e57,1.74
926,a9c054f0-ce60-412b-a825-cdea1cb6e038,4.47
927,94dedccf-69fd-4684-8f88-324a4bfbdace,1.32
928,2237b7ac-11e8-48bd-8d7f-083328b84f4a,9.54
929,6fa0930f-80e5-466d-a639-1bfa7acb3bf5,1.45
930,bf934a3b-00ca-4318-9b2a-9039f5ca7624,5.86
931,cac99f47-14bf-4b54-8f7d-58789f3e7425,1.76
932,4ed7ae26-47ab-4d18-9d50-81d6a5564f8f,6.33
933,2ba20480-9cfa-4ba1-96cd-d769eb6a64ae,7.58
934,39e4ef7c-9db0-4f3e-a0db-a76b572d8c87,1.41
935,3d8c4590-20c5-49a8-8192-9fe4e981be87,3.25
936,92c29801-f5e5-4151-8f51-e38324dd50ef,1.9
937,524f089f-c323-4969-bc4d-094993569da8,4.48
938,22f400b2-6fb3-454e-aaf2-20088071d572,8.19
939,476193cc-2936-43c2-ac0d-6beece46dd83,9.85
940,39fb4873-2039-497a-82b9-47023d56cd51,7.42
941,614de6a0-35f0-4331-ab6f-56bc88873232,1.89
942,e97ce6d3-915b-48e5-805e-30ba168ee57f,2.46
943,418aae8f-9bfa-4277-ad70-5bff98be3166,3.15
944,4ad5035b-d45a-441e-8f62-7a2ff2234e2a,4.04
945,33356b57-a712-4762-955b-3a2ffc28f7ed,7.35
946,39fb4873-2039-497a-82b9-47023d56cd51,9.01
947,653abb45-fdd6-4e9f-8d78-229f98526ad5,9.81
948,2ba20480-9cfa-4ba1-96cd-d769eb6a64ae,3.11
949,2dd463c9-5da2-40ff-98b6-5a0c180a2b10,1.61
950,959e0182-0705-4330-b188-739438673d96,4.41
951,65c21c23-d958-4d4d-bb39-2d89206f4e57,1.57
952,15fb8b5a-f4a8-4ef9-8c09-265beb16685f,8.17
953,e97ce6d3-915b-48e5-805e-30ba168ee57f,7.66
954,2dd62b7c-78bb-4650-846e-29276b76f819,7.57
955,663806da-d41c-4446-98d6-449bcfd72819,2.66
956,f523802a-d016-4bc2-a195-78e90242ab63,6.75
957,84d7618b-c58a-4ba5-8453-3cc3507986b7,5.42
958,90f38504-2a2d-4983-bd3b-13cb2c5f8975,4.96
959,55a8a013-c557-4ce5-a78c-2a971a6389fa,5.79
960,65c21c23-d958-4d4d-bb39-2d89206f4e57,4.88
961,418aae8f-9bfa-4277-ad70-5bff98be3166,6.64
962,4ad5035b-d45a-441e-8f62-7a2ff2234e2a,6.38
963,e0a8e00b-4ae0-44ab-95de-bb5f2b2fa5c8,9.62
964,02ac0ac9-9e9c-49b0-9b88-e7a845b7eda1,4.83
965,e49004c8-c776-4ca8-962a-852f51d4e666,2.19
966,e97ce6d3-915b-48e5-805e-30ba168ee57f,6.21
967,116ad7bc-91e8-40bf-8a92-84c944ae6de2,1.97
968,5bd41c96-86bd-4bf0-8f8f-9109a5e80b31,5.9
969,b2ef1978-79f8-4274-a90b-e07dde4c8312,8.94
970,4674c6e9-624d-4233-9741-5ec7a2b4a573,8.44
971,f3712d48-b5c9-4980-8356-c04d1d79761b,8.37
972,d485e920-aea4-4255-aa87-39b95be51923,4.43
973,5baec35c-26fb-4792-86db-c704d4b19460,1.13
974,f3df249c-b3d6-4892-84e2-c3848a1bd739,8.65
975,2dd463c9-5da2-40ff-98b6-5a0c180a2b10,3.77
976,1647ce04-34dc-4921-be23-d42ec4048b37,0.0
977,a2c05dda-ca2c-4e08-bb8a-b8b26a99aa98,1.82
978,c30411c4-b5d7-472a-b176-56c2b0e8bfd7,6.88
979,f2e02b51-22f0-4dde-90e4-ac35ca5ef73e,5.61
980,39fb4873-2039-497a-82b9-47023d56cd51,9.56
981,cdab94ee-2c3c-45dc-9974-2c62c1776737,0.44
982,65c21c23-d958-4d4d-bb39-2d89206f4e57,6.49
983,d0b23928-cba9-4729-9200-ce42f15f1a1f,1.05
984,7ffb6139-f41c-4693-ae4b-89ba60237c3b,4.24
985,2f10cd73-6dda-43e4-8364-438d75ee8b6c,0.9
986,9443262e-75fa-43cd-a684-c03ee1355f59,5.21
987,189997eb-c226-4f93-8b07-b01c5553e3b3,2.01
988,f98a6b49-c6df-4821-aea9-6bf05ea9ffaf,6.05
989,92c29801-f5e5-4151-8f51-e38324dd50ef,8.82
990,8be24e7a-e428-4883-87f4-51cd41c01f02,7.01
991,76176c2a-e968-48ad-80ce-231423c44275,1.04
992,b050d642-61cd-4cec-9745-97dc4e5e8a9b,0.39
993,92c29801-f5e5-4151-8f51-e38324dd50ef,2.42
994,0f62887a-1736-4b42-aa72-dff3e0488f3d,4.69
995,f3712d48-b5c9-4980-8356-c04d1d79761b,2.61
996,7df97338-1f5d-489a-88b8-d844fcbc8edf,9.76
997,68da0d64-7d95-4bc4-a9a5-f2a9748a2a72,4.96
998,f523802a-d016-4bc2-a195-78e90242ab63,1.1
999,663806da-d41c-4446-98d6-449bcfd72819,4.93
1000,cdab94ee-2c3c-45dc-9974-2c62c1776737,9.09
